Ana,skins,Citrine,Rare,0
Ana,skins,Garnet,Rare,0
Ana,skins,Peridot,Rare,0
Ana,skins,Turquoise,Rare,0
Ana,skins,Merciful,Epic,0
Ana,skins,Shrike,Epic,0
Ana,skins,Wadjet,Legendary,0
Ana,skins,Wasteland,Legendary,0
Ana,skins,Captain Amari,Legendary,0
Ana,skins,Horus,Legendary,0
Ana,emotes,Disapproving,Epic,0
Ana,emotes,Protector,Epic,0
Ana,emotes,Tea Time,Epic,0
Ana,victory_poses,Protector,Rare,0
Ana,victory_poses,Mission Complete,Rare,0
Ana,victory_poses,Seated,Rare,0
Ana,voice_lines,"Children, Behave",Common,0
Ana,voice_lines,Everyone Dies,Common,0
Ana,voice_lines,It Takes A Woman To Know It,Common,0
Ana,voice_lines,Justice Delivered,Common,0
Ana,voice_lines,Justice Rains From Above,Common,0
Ana,voice_lines,Mother Knows Best,Common,0
Ana,voice_lines,No Scope Needed,Common,0
Ana,voice_lines,Someone To Tuck You In?,Common,0
Ana,voice_lines,What Are You Thinking?,Common,0
Ana,voice_lines,Witness Me,Common,0
Ana,sprays,Action,Common,0
Ana,sprays,Ana,Common,0
Ana,sprays,Bearer,Common,0
Ana,sprays,Cheer,Common,0
Ana,sprays,Cracked,Common,0
Ana,sprays,Cute,Common,0
Ana,sprays,Eyepatch,Common,0
Ana,sprays,Fareeha,Common,0
Ana,sprays,Gaze,Common,0
Ana,sprays,Grenade,Common,0
Ana,sprays,Guardian,Common,0
Ana,sprays,Hesitation,Common,0
Ana,sprays,Icon,Common,0
Ana,sprays,Letter,Common,0
Ana,sprays,Old Soldier,Common,0
Ana,sprays,Overhead,Common,0
Ana,sprays,Pixel,Common,0
Ana,sprays,Photograph,Common,0
Ana,sprays,Rifle,Common,0
Ana,sprays,Shadow,Common,0
Ana,sprays,Shhh,Common,0
Ana,sprays,Sidearm,Common,0
Ana,sprays,Wedjet,Common,0
Ana,sprays,Wrist Launcher,Common,0
Ana,sprays,Zzz,Common,0
Ana,highlight_intros,Guardian,Epic,0
Ana,highlight_intros,Locked On,Epic,0
Ana,highlight_intros,Shh…,Epic,0
Ana,weapons,Golden,None,0
Bastion,skins,Dawn,Rare,0
Bastion,skins,Soot,Rare,0
Bastion,skins,Meadow,Rare,0
Bastion,skins,Sky,Rare,0
Bastion,skins,Defense Matrix,Epic,0
Bastion,skins,Omnic Crisis,Epic,0
Bastion,skins,Antique,Legendary,0
Bastion,skins,Woodbot,Legendary,0
Bastion,skins,Gearbot,Legendary,0
Bastion,skins,Steambot,Legendary,0
Bastion,skins,Overgrown,Special,0
Bastion,emotes,Alert! Alert!,Epic,0
Bastion,emotes,Dizzy,Epic,0
Bastion,emotes,Robot,Epic,0
Bastion,victory_poses,Birdwatching,Rare,0
Bastion,victory_poses,Pop Up,Rare,0
Bastion,victory_poses,Tank,Rare,0
Bastion,voice_lines,Beeple,Common,0
Bastion,voice_lines,Boo Boo Doo De Doo,Common,0
Bastion,voice_lines,Bweeeeeeeeeee,Common,0
Bastion,voice_lines,Chirr Chirr Chirr,Common,0
Bastion,voice_lines,Dah-Dah Weeeee!,Common,0
Bastion,voice_lines,Dun Dun Boop Boop,Common,0
Bastion,voice_lines,Dweet Dweet Dweet!,Common,0
Bastion,voice_lines,Hee Hoo Hoo,Common,0
Bastion,voice_lines,Sh-Sh-Sh,Common,0
Bastion,voice_lines,Zwee?,Common,0
Bastion,sprays,Action,Common,0
Bastion,sprays,Bird,Common,0
Bastion,sprays,Birdwatchers,Common,0
Bastion,sprays,Black,Common,0
Bastion,sprays,Blocks,Common,0
Bastion,sprays,Cannon,Common,0
Bastion,sprays,Crisis,Common,0
Bastion,sprays,Curious,Common,0
Bastion,sprays,Cute,Achievement,0
Bastion,sprays,E54,Common,0
Bastion,sprays,Fire at Will,Common,0
Bastion,sprays,Flight,Common,0
Bastion,sprays,Flower Power,Common,0
Bastion,sprays,Ganymede,Common,0
Bastion,sprays,Giant,Common,0
Bastion,sprays,Icon,Common,0
Bastion,sprays,In Repair,Common,0
Bastion,sprays,Nest,Common,0
Bastion,sprays,Omnic,Common,0
Bastion,sprays,Overgrown,Common,0
Bastion,sprays,Pixel,Achievement,0
Bastion,sprays,Recovery,Common,0
Bastion,sprays,Retro,Common,0
Bastion,sprays,Sprout,Common,0
Bastion,sprays,Wood and Stone,Common,0
Bastion,highlight_intros,Bullet Rain,Epic,0
Bastion,highlight_intros,Ganymede,Epic,0
Bastion,highlight_intros,On Guard,Epic,0
Bastion,weapons,Golden,None,0
D.Va,skins,Blueberry,Rare,0
D.Va,skins,Lemon-Lime,Rare,0
D.Va,skins,Tangerine,Rare,0
D.Va,skins,Watermelon,Rare,0
D.Va,skins,Carbon Fiber,Epic,0
D.Va,skins,White Rabbit,Epic,0
D.Va,skins,Junker,Legendary,0
D.Va,skins,Scavenger,Legendary,0
D.Va,skins,B.Va,Legendary,0
D.Va,skins,Junebug,Legendary,0
D.Va,emotes,Bunny Hop,Epic,0
D.Va,emotes,Heartbreaker,Epic,0
D.Va,emotes,Party Time,Epic,0
D.Va,victory_poses,I Heart You,Rare,0
D.Va,victory_poses,Peace,Rare,0
D.Va,victory_poses,Sitting,Rare,0
D.Va,voice_lines,LOL,Common,0
D.Va,voice_lines,;),Common,0
D.Va,voice_lines,A New Challenger!,Common,0
D.Va,voice_lines,AFK,Common,0
D.Va,voice_lines,"Aw, yeah!",Common,0
D.Va,voice_lines,"D.Va: 1, Bad Guys: A",Common,0
D.Va,voice_lines,GG!,Common,0
D.Va,voice_lines,I Play to Win,Common,0
D.Va,voice_lines,Is This Easy Mode?,Common,0
D.Va,voice_lines,No Hacks Required,Common,0
D.Va,sprays,Bang,Common,0
D.Va,sprays,Bubble,Common,0
D.Va,sprays,Bubble Gum,Common,0
D.Va,sprays,Bunny,Common,0
D.Va,sprays,Bunny Hop,Common,0
D.Va,sprays,Cute,Achievement,0
D.Va,sprays,Diva,Common,0
D.Va,sprays,GG,Common,0
D.Va,sprays,Hana,Common,0
D.Va,sprays,Headset,Common,0
D.Va,sprays,Heart,Common,0
D.Va,sprays,Icon,Common,0
D.Va,sprays,Light Gun,Common,0
D.Va,sprays,"Love, D.Va",Common,0
D.Va,sprays,MEKA,Common,0
D.Va,sprays,Nano Cola,Common,0
D.Va,sprays,Photo,Common,0
D.Va,sprays,Pixel,Achievement,0
D.Va,sprays,Pixel Bunny,Common,0
D.Va,sprays,Power Up!,Common,0
D.Va,sprays,Salt,Common,0
D.Va,sprays,Star,Common,0
D.Va,sprays,Unload,Common,0
D.Va,sprays,Walk of Fame,Common,0
D.Va,sprays,Watching,Common,0
D.Va,highlight_intros,Eject,Epic,0
D.Va,highlight_intros,Lying Around,Epic,0
D.Va,highlight_intros,MEKA Activated,Epic,0
D.Va,weapons,Golden,None,0
Genji,skins,Azurite,Rare,0
Genji,skins,Cinnabar,Rare,0
Genji,skins,Malachite,Rare,0
Genji,skins,Ochre,Rare,0
Genji,skins,Carbon Fiber,Epic,0
Genji,skins,Chrome,Epic,0
Genji,skins,Sparrow,Legendary,0
Genji,skins,Young Genji,Legendary,0
Genji,skins,Dbedouin,Legendary,0
Genji,skins,Nomad,Legendary,0
Genji,emotes,Challenge,Epic,0
Genji,emotes,Cutting Edge,Epic,0
Genji,emotes,Salute,Epic,0
Genji,victory_poses,Kneeling,Rare,0
Genji,victory_poses,Shuriken,Rare,0
Genji,victory_poses,Sword Stance,Rare,0
Genji,voice_lines,Come On!,Common,0
Genji,voice_lines,Damn!,Common,0
Genji,voice_lines,I Am Prepared!,Common,0
Genji,voice_lines,Let's Fight!,Common,0
Genji,voice_lines,"Measure Twice, Cut Once",Common,0
Genji,voice_lines,My Soul Seeks Balance,Common,0
Genji,voice_lines,Not Good Enough,Common,0
Genji,voice_lines,Simple,Common,0
Genji,voice_lines,Yeah!,Common,0
Genji,voice_lines,You Are Only Human,Common,0
Genji,sprays,Assassin,Common,0
Genji,sprays,Cute,Achievement,0
Genji,sprays,Dragon,Common,0
Genji,sprays,Dragonblade,Common,0
Genji,sprays,Draw,Common,0
Genji,sprays,Fully Loaded,Common,0
Genji,sprays,God of War,Common,0
Genji,sprays,Green Ninja,Common,0
Genji,sprays,Icon,Common,0
Genji,sprays,Kaze No Gotoku,Common,0
Genji,sprays,Lunge,Common,0
Genji,sprays,Nin,Common,0
Genji,sprays,Onmyodo,Common,0
Genji,sprays,Pixel,Achievement,0
Genji,sprays,Prepared,Common,0
Genji,sprays,Ryugekiken,Common,0
Genji,sprays,Shimada,Common,0
Genji,sprays,Shuriken,Common,0
Genji,sprays,Signature,Common,0
Genji,sprays,Soul,Common,0
Genji,sprays,Stance,Common,0
Genji,sprays,Stoic,Common,0
Genji,sprays,Swords,Common,0
Genji,sprays,Target Practice,Common,0
Genji,sprays,Warrior,Common,0
Genji,highlight_intros,Shuriken,Epic,0
Genji,highlight_intros,Unsheathing The Sword,Epic,0
Genji,highlight_intros,Warrior's Salute,Epic,0
Genji,weapons,Golden,None,0
Hanzo,skins,Azuki,Rare,0
Hanzo,skins,Kinoko,Rare,0
Hanzo,skins,Midori,Rare,0
Hanzo,skins,Sora,Rare,0
Hanzo,skins,Cloud,Epic,0
Hanzo,skins,Dragon,Epic,0
Hanzo,skins,Young Hanzo,Legendary,0
Hanzo,skins,Young Master,Legendary,0
Hanzo,skins,Lone Wolf,Legendary,0
Hanzo,skins,Okami,Legendary,0
Hanzo,emotes,Beckon,Epic,0
Hanzo,emotes,Brush Shoulder,Epic,0
Hanzo,emotes,Victory,Epic,0
Hanzo,victory_poses,Confident,Rare,0
Hanzo,victory_poses,Kneeling,Rare,0
Hanzo,victory_poses,Over the Shoulder,Rare,0
Hanzo,voice_lines,Flow Like Water,Common,0
Hanzo,voice_lines,From one thing...,Common,0
Hanzo,voice_lines,Hm...,Common,0
Hanzo,voice_lines,I Do What I Must,Common,0
Hanzo,voice_lines,Never In Doubt,Common,0
Hanzo,voice_lines,Never Second Best,Common,0
Hanzo,voice_lines,Remember This Moment,Common,0
Hanzo,voice_lines,Sake!,Common,0
Hanzo,voice_lines,Spirit Dragon,Common,0
Hanzo,voice_lines,Step Into The Dojo,Common,0
Hanzo,sprays,Archer,Common,0
Hanzo,sprays,Challenge,Common,0
Hanzo,sprays,Cloud,Common,0
Hanzo,sprays,Cute,Achievement,0
Hanzo,sprays,Dragon,Common,0
Hanzo,sprays,Dragons,Common,0
Hanzo,sprays,Dragonstrike,Common,0
Hanzo,sprays,Drawn,Common,0
Hanzo,sprays,Duty,Common,0
Hanzo,sprays,Haori,Common,0
Hanzo,sprays,Icon,Common,0
Hanzo,sprays,Kneeling,Common,0
Hanzo,sprays,Kumo,Common,0
Hanzo,sprays,Moon,Common,0
Hanzo,sprays,Nin,Common,0
Hanzo,sprays,Pixel,Achievement,0
Hanzo,sprays,Sake,Common,0
Hanzo,sprays,Scarf,Common,0
Hanzo,sprays,Seal,Common,0
Hanzo,sprays,Spray,Common,0
Hanzo,sprays,Stoic,Common,0
Hanzo,sprays,Successor,Common,0
Hanzo,sprays,Tea,Common,0
Hanzo,sprays,Wanderer,Common,0
Hanzo,sprays,Yellow,Common,0
Hanzo,highlight_intros,Backflip,Epic,0
Hanzo,highlight_intros,My Aim Is True,Epic,0
Hanzo,highlight_intros,Superior,Epic,0
Hanzo,weapons,Golden,None,0
Junkrat,skins,Irradiated,Rare,0
Junkrat,skins,Bleached,Rare,0
Junkrat,skins,Drowned,Rare,0
Junkrat,skins,Rusted,Rare,0
Junkrat,skins,Jailbird,Epic,0
Junkrat,skins,Toasted,Epic,0
Junkrat,skins,Fool,Legendary,0
Junkrat,skins,Jester,Legendary,0
Junkrat,skins,Hayseed,Legendary,0
Junkrat,skins,Scarecrow,Legendary,0
Junkrat,emotes,Vaudeville,Epic,0
Junkrat,emotes,Juggling,Epic,0
Junkrat,emotes,Puppet,Epic,0
Junkrat,victory_poses,It'll Freeze That Way,Rare,0
Junkrat,victory_poses,Kneeling,Rare,0
Junkrat,victory_poses,Nyah Nyah,Rare,0
Junkrat,voice_lines,...Blow It Up Again,Common,0
Junkrat,voice_lines,Anyone Want Some BBQ?,Common,0
Junkrat,voice_lines,Brrring!,Common,0
Junkrat,voice_lines,Coming Up Explodey!,Common,0
Junkrat,voice_lines,Happy Birthday,Common,0
Junkrat,voice_lines,Have A Nice Day!,Common,0
Junkrat,voice_lines,It's The Little Things,Common,0
Junkrat,voice_lines,Kaboom,Common,0
Junkrat,voice_lines,"Ooh, Shiny",Common,0
Junkrat,voice_lines,Smile!,Common,0
Junkrat,sprays,Ahhhh!,Common,0
Junkrat,sprays,Bang Bang,Common,0
Junkrat,sprays,Crazy,Common,0
Junkrat,sprays,Cute,Achievement,0
Junkrat,sprays,Fireball,Common,0
Junkrat,sprays,Firework,Common,0
Junkrat,sprays,For You,Common,0
Junkrat,sprays,Frag,Common,0
Junkrat,sprays,Fuse,Common,0
Junkrat,sprays,Grin,Common,0
Junkrat,sprays,Icon,Common,0
Junkrat,sprays,Junk,Common,0
Junkrat,sprays,Kaboom!,Common,0
Junkrat,sprays,Mad,Common,0
Junkrat,sprays,Mayhem,Common,0
Junkrat,sprays,Mine,Common,0
Junkrat,sprays,Minefield,Common,0
Junkrat,sprays,Pixel,Achievement,0
Junkrat,sprays,Rolling,Common,0
Junkrat,sprays,Smile,Common,0
Junkrat,sprays,Smoke,Common,0
Junkrat,sprays,Spin,Common,0
Junkrat,sprays,Trapper,Common,0
Junkrat,sprays,Vroom!!,Common,0
Junkrat,sprays,Wanted,Common,0
Junkrat,highlight_intros,I'm Flying!,Epic,0
Junkrat,highlight_intros,Rip-Tire,Epic,0
Junkrat,highlight_intros,Unfortunate,Epic,0
Junkrat,weapons,Golden,None,0
Lucio,skins,Azul,Rare,0
Lucio,skins,Laranja,Rare,0
Lucio,skins,Roxo,Rare,0
Lucio,skins,Vermelho,Rare,0
Lucio,skins,Auditiva,Epic,0
Lucio,skins,Synaesthesia,Epic,0
Lucio,skins,HippityHop,Legendary,0
Lucio,skins,Rabbit,Legendary,0
Lucio,skins,Breakaway,Legendary,0
Lucio,skins,Slapshot,Legendary,0
Lucio,emotes,Capoeira,Epic,0
Lucio,emotes,In The Groove,Epic,0
Lucio,emotes,Nah!,Epic,0
Lucio,victory_poses,Confident,Rare,0
Lucio,victory_poses,Grooving,Rare,0
Lucio,victory_poses,Ready For Action,Rare,0
Lucio,voice_lines,"Can't Stop, Won't Stop",Common,0
Lucio,voice_lines,Hit Me!,Common,0
Lucio,voice_lines,I Could Do This All Day,Common,0
Lucio,voice_lines,I'm On Top Of The World,Common,0
Lucio,voice_lines,Jackpot!,Common,0
Lucio,voice_lines,Not Hearing That Noise,Common,0
Lucio,voice_lines,"Oh, Yeah!",Common,0
Lucio,voice_lines,Tinnitus,Common,0
Lucio,voice_lines,Why Are You So Angry?,Common,0
Lucio,voice_lines,You Gotta Believe!,Common,0
Lucio,sprays,Acelerar,Common,0
Lucio,sprays,Baixo,Common,0
Lucio,sprays,Bass,Common,0
Lucio,sprays,Break It Down,Common,0
Lucio,sprays,Cereal,Common,0
Lucio,sprays,Confident,Common,0
Lucio,sprays,Cute,Achievement,0
Lucio,sprays,Deck,Common,0
Lucio,sprays,Frog,Common,0
Lucio,sprays,Grin,Common,0
Lucio,sprays,Hero,Common,0
Lucio,sprays,Icon,Common,0
Lucio,sprays,In Concert,Common,0
Lucio,sprays,Kambo,Common,0
Lucio,sprays,Mural,Common,0
Lucio,sprays,Pixel,Achievement,0
Lucio,sprays,Scratch,Common,0
Lucio,sprays,Signature,Common,0
Lucio,sprays,Spin,Common,0
Lucio,sprays,Tag,Common,0
Lucio,sprays,Triplo,Common,0
Lucio,sprays,Under Control,Common,0
Lucio,sprays,Vinyl,Common,0
Lucio,sprays,Walk of Fame,Common,0
Lucio,sprays,Wave,Common,0
Lucio,highlight_intros,Drop The Beat,Epic,0
Lucio,highlight_intros,Freestyle,Epic,0
Lucio,highlight_intros,In The Groove,Epic,0
Lucio,weapons,Golden,None,0
McCree,skins,Ebony,Rare,0
McCree,skins,Lake,Rare,0
McCree,skins,Sage,Rare,0
McCree,skins,Wheat,Rare,0
McCree,skins,On The Range,Epic,0
McCree,skins,White Hat,Epic,0
McCree,skins,Gambler,Legendary,0
McCree,skins,Riverboat,Legendary,0
McCree,skins,Mystery Man,Legendary,0
McCree,skins,Vigilante,Legendary,0
McCree,emotes,Gunspinning,Epic,0
McCree,emotes,Hat Tip,Epic,0
McCree,emotes,Spit,Epic,0
McCree,victory_poses,Contemplative,Rare,0
McCree,victory_poses,Over The Shoulder,Rare,0
McCree,victory_poses,Take It East,Rare,0
McCree,voice_lines,Ain't I Killed You Before,Common,0
McCree,voice_lines,Happens To The Best Of Us,Common,0
McCree,voice_lines,I Tried Being Reasonable,Common,0
McCree,voice_lines,I'm the Quick...,Common,0
McCree,voice_lines,I'm Your Huckleberry,Common,0
McCree,voice_lines,I've Got A Bullet...,Common,0
McCree,voice_lines,Reach For The Sky,Common,0
McCree,voice_lines,Sure As Hell Ain't Ugly,Common,0
McCree,voice_lines,Wanted: Dead or Alive,Common,0
McCree,voice_lines,You Done?,Common,0
McCree,sprays,Badge,Common,0
McCree,sprays,BAMF,Common,0
McCree,sprays,Bang!,Common,0
McCree,sprays,Buckle,Common,0
McCree,sprays,Bullet,Common,0
McCree,sprays,Cute,Achievement,0
McCree,sprays,Deadeye,Common,0
McCree,sprays,Draw,Common,0
McCree,sprays,Enigma,Common,0
McCree,sprays,Gunslinger,Common,0
McCree,sprays,High Noon,Common,0
McCree,sprays,Icon,Common,0
McCree,sprays,Jesse,Common,0
McCree,sprays,Noose,Common,0
McCree,sprays,Outlaw,Common,0
McCree,sprays,Pixel,Achievement,0
McCree,sprays,Skull,Common,0
McCree,sprays,Spin,Common,0
McCree,sprays,Take It Easy,Common,0
McCree,sprays,Target,Common,0
McCree,sprays,The Name's,Common,0
McCree,sprays,Thumbs Up,Common,0
McCree,sprays,Tumbleweed,Common,0
McCree,sprays,Wanted,Common,0
McCree,sprays,Your Face Here,Common,0
McCree,highlight_intros,Rolling Into Action,Epic,0
McCree,highlight_intros,The Duel,Epic,0
McCree,highlight_intros,The Name's McCree,Epic,0
McCree,weapons,Golden,None,0
Mei,skins,Chrysanthemum,Rare,0
Mei,skins,Heliotrope,Rare,0
Mei,skins,Jade,Rare,0
Mei,skins,Persimmon,Rare,0
Mei,skins,Earthen,Epic,0
Mei,skins,Snow Plum,Epic,0
Mei,skins,FireFighter,Legendary,0
Mei,skins,Recue Mei,Legendary,0
Mei,skins,Abominable,Legendary,0
Mei,skins,Yeti Hunter,Legendary,0
Mei,emotes,Companion,Epic,0
Mei,emotes,Spray,Epic,0
Mei,emotes,Yaaaaaaaaay!,Epic,0
Mei,victory_poses,Casual,Rare,0
Mei,victory_poses,Hands On Hips,Rare,0
Mei,victory_poses,Kneeling,Rare,0
Mei,voice_lines,A-Mei-Zing!,Common,0
Mei,voice_lines,Chill Out!,Common,0
Mei,voice_lines,Fight For Our World,Common,0
Mei,voice_lines,Learned Your Lesson,Common,0
Mei,voice_lines,Okay!,Common,0
Mei,voice_lines,"Ouch, Are You Okay?",Common,0
Mei,voice_lines,Sorry Sorry Sorry Sorry,Common,0
Mei,voice_lines,That Was Great,Common,0
Mei,voice_lines,Yay!,Common,0
Mei,voice_lines,You Have To Let It Go,Common,0
Mei,sprays,^_^,Common,0
Mei,sprays,>_<,Common,0
Mei,sprays,Beat The Heat,Common,0
Mei,sprays,Blaster,Common,0
Mei,sprays,Carefree,Common,0
Mei,sprays,Casual,Common,0
Mei,sprays,Confident,Common,0
Mei,sprays,Cute,Achievement,0
Mei,sprays,Dizzy,Common,0
Mei,sprays,Explorer,Common,0
Mei,sprays,Eyes,Common,0
Mei,sprays,Hairpin,Common,0
Mei,sprays,Icon,Common,0
Mei,sprays,Mei's Journal,Common,0
Mei,sprays,Pixel,Achievement,0
Mei,sprays,Popsicle,Common,0
Mei,sprays,Print,Common,0
Mei,sprays,Reading,Common,0
Mei,sprays,Sketch,Common,0
Mei,sprays,Smile,Common,0
Mei,sprays,Snow Art,Common,0
Mei,sprays,Snowball,Common,0
Mei,sprays,Snowman,Common,0
Mei,sprays,Soft Serve,Common,0
Mei,sprays,Walled,Common,0
Mei,highlight_intros,Frosty :),Epic,0
Mei,highlight_intros,Going Up!,Epic,0
Mei,highlight_intros,Skating Around,Epic,0
Mei,weapons,Golden,None,0
Mercy,skins,Celestial,Rare,0
Mercy,skins,Mist,Rare,0
Mercy,skins,Orchid,Rare,0
Mercy,skins,Verdant,Rare,0
Mercy,skins,Amber,Epic,0
Mercy,skins,Cobalt,Epic,0
Mercy,skins,Sigrun,Legendary,0
Mercy,skins,Valkyrie,Legendary,0
Mercy,skins,Devil,Legendary,0
Mercy,skins,Imp,Legendary,0
Mercy,emotes,Applause,Epic,0
Mercy,emotes,Caduceus,Epic,0
Mercy,emotes,No Pulse,Epic,0
Mercy,victory_poses,Angelic,Rare,0
Mercy,victory_poses,Carefree,Rare,0
Mercy,victory_poses,Ready For Battle,Rare,0
Mercy,voice_lines,Consultation Fee,Common,0
Mercy,voice_lines,Doctor's Orders,Common,0
Mercy,voice_lines,How Barbaric,Common,0
Mercy,voice_lines,Miracle Worker,Common,0
Mercy,voice_lines,Need A Second Opinion?,Common,0
Mercy,voice_lines,On A Scale Of 1-1A,Common,0
Mercy,voice_lines,Super!,Common,0
Mercy,voice_lines,Take Two,Common,0
Mercy,voice_lines,The Doctor Is In,Common,0
Mercy,voice_lines,The Doctor Will See You,Common,0
Mercy,sprays,Arrow,Common,0
Mercy,sprays,Bandage,Common,0
Mercy,sprays,Battle Ready,Common,0
Mercy,sprays,Blaster,Common,0
Mercy,sprays,Cute,Achievement,0
Mercy,sprays,Emblem,Common,0
Mercy,sprays,Gauze,Common,0
Mercy,sprays,Halo,Common,0
Mercy,sprays,Heroes Never Die,Common,0
Mercy,sprays,Huge Rez!,Common,0
Mercy,sprays,Icon,Common,0
Mercy,sprays,Light,Common,0
Mercy,sprays,Medic,Common,0
Mercy,sprays,On Call,Common,0
Mercy,sprays,Patched Up,Common,0
Mercy,sprays,Pixel,Achievement,0
Mercy,sprays,Resurrect,Common,0
Mercy,sprays,Smile,Common,0
Mercy,sprays,Stethoscope,Common,0
Mercy,sprays,Sting,Common,0
Mercy,sprays,Support,Common,0
Mercy,sprays,Swiss,Common,0
Mercy,sprays,Valkyrie,Common,0
Mercy,sprays,Wings,Common,0
Mercy,sprays,Ziegler,Common,0
Mercy,highlight_intros,Battle Angel,Epic,0
Mercy,highlight_intros,Guardian Angel,Epic,0
Mercy,highlight_intros,Heroes Never Die,Epic,0
Mercy,weapons,Golden,None,0
Pharah,skins,Amethyst,Rare,0
Pharah,skins,Copper,Rare,0
Pharah,skins,Emerald,Rare,0
Pharah,skins,Titanium,Rare,0
Pharah,skins,Anubis,Epic,0
Pharah,skins,Jackal,Epic,0
Pharah,skins,Mechaqueen,Legendary,0
Pharah,skins,Raptorion,Legendary,0
Pharah,skins,Raindancer,Legendary,0
Pharah,skins,Thunderbird,Legendary,0
Pharah,skins,Security Chief,Special,0
Pharah,emotes,Cheer,Epic,0
Pharah,emotes,Flourish,Epic,0
Pharah,emotes,Knuckles,Epic,0
Pharah,victory_poses,Guardian,Rare,0
Pharah,victory_poses,Jump Jet,Rare,0
Pharah,victory_poses,Kneeling,Rare,0
Pharah,voice_lines,Aerial Superiority Achieved,Common,0
Pharah,voice_lines,Fly Like An Egyptian,Common,0
Pharah,voice_lines,Flying The Friendly Skies,Common,0
Pharah,voice_lines,Got You On My Radar,Common,0
Pharah,voice_lines,Leave This To A Professional,Common,0
Pharah,voice_lines,Not A Chance,Common,0
Pharah,voice_lines,Rocket Jump?,Common,0
Pharah,voice_lines,Security In My Hands,Common,0
Pharah,voice_lines,Shot Down,Common,0
Pharah,voice_lines,"Sorry, But I need To Jet",Common,0
Pharah,sprays,Aerial Superiority,Common,0
Pharah,sprays,Amari,Common,0
Pharah,sprays,Ana,Common,0
Pharah,sprays,Cobra,Common,0
Pharah,sprays,Concussive Blast,Common,0
Pharah,sprays,Cute,Achievement,0
Pharah,sprays,Guardian,Common,0
Pharah,sprays,Hieroglyph,Common,0
Pharah,sprays,Icon,Common,0
Pharah,sprays,Incoming,Common,0
Pharah,sprays,Justice...,Common,0
Pharah,sprays,On Guard,Common,0
Pharah,sprays,Pixel,Achievement,0
Pharah,sprays,Play Pharah,Common,0
Pharah,sprays,Raptora,Common,0
Pharah,sprays,Rocket Jump,Common,0
Pharah,sprays,Rocket Launcher,Common,0
Pharah,sprays,Salute,Common,0
Pharah,sprays,Scarab,Common,0
Pharah,sprays,Statue,Common,0
Pharah,sprays,Stone,Common,0
Pharah,sprays,Tattoo,Common,0
Pharah,sprays,Wedjat,Common,0
Pharah,sprays,Wings,Common,0
Pharah,sprays,Wrist Launcher,Common,0
Pharah,highlight_intros,Barrage,Epic,0
Pharah,highlight_intros,Mission Complete,Epic,0
Pharah,highlight_intros,Touchdown,Epic,0
Pharah,weapons,Golden,None,0
Reaper,skins,Blood,Rare,0
Reaper,skins,Midnight,Rare,0
Reaper,skins,Moss,Rare,0
Reaper,skins,Royal,Rare,0
Reaper,skins,Desert,Epic,0
Reaper,skins,Wight,Epic,0
Reaper,skins,Nevermore,Legendary,0
Reaper,skins,Plague Doctor,Legendary,0
Reaper,skins,El Blanco,Legendary,0
Reaper,skins,Mariachi,Legendary,0
Reaper,skins,Blackwatch Reyes,Special,0
Reaper,emotes,Not Impressed,Epic,0
Reaper,emotes,Slice,Epic,0
Reaper,emotes,Slow Clap,Epic,0
Reaper,victory_poses,Casual,Rare,0
Reaper,victory_poses,Enigmatic,Rare,0
Reaper,victory_poses,Menacing,Rare,0
Reaper,voice_lines,Dead Man Walking,Common,0
Reaper,voice_lines,Give Me A Break,Common,0
Reaper,voice_lines,Haven't I Killed You,Common,0
Reaper,voice_lines,"If It Lives, I Can Kill It",Common,0
Reaper,voice_lines,I'm Back In Black,Common,0
Reaper,voice_lines,Next,Common,0
Reaper,voice_lines,Psychopath,Common,0
Reaper,voice_lines,Seen A Ghost?,Common,0
Reaper,voice_lines,Too Easy,Common,0
Reaper,voice_lines,Was That All?,Common,0
Reaper,sprays,Blackwatch,Common,0
Reaper,sprays,Blossom,Common,0
Reaper,sprays,Cloaked,Common,0
Reaper,sprays,Cute,Achievement,0
Reaper,sprays,Death Blossom,Common,0
Reaper,sprays,Death Comes,Common,0
Reaper,sprays,Die Die Die,Common,0
Reaper,sprays,Everywhere,Common,0
Reaper,sprays,Grave,Common,0
Reaper,sprays,Hellfire,Common,0
Reaper,sprays,Hooded,Common,0
Reaper,sprays,Horns,Common,0
Reaper,sprays,Icon,Common,0
Reaper,sprays,Oops,Common,0
Reaper,sprays,Pixel,Achievement,0
Reaper,sprays,Pssy,Common,0
Reaper,sprays,Reap On,Common,0
Reaper,sprays,Reaping,Common,0
Reaper,sprays,Revenge,Common,0
Reaper,sprays,Scythes,Common,0
Reaper,sprays,Shadow,Common,0
Reaper,sprays,Shadow Step,Common,0
Reaper,sprays,Silent,Common,0
Reaper,sprays,Soul Globe,Common,0
Reaper,sprays,Time To Kill,Common,0
Reaper,highlight_intros,Death Blossom,Epic,0
Reaper,highlight_intros,Executioner,Epic,0
Reaper,highlight_intros,Shadow Step,Epic,0
Reaper,weapons,Golden,None,0
Reinhardt,skins,Brass,Rare,0
Reinhardt,skins,Cobalt,Rare,0
Reinhardt,skins,Copper,Rare,0
Reinhardt,skins,Viridian,Rare,0
Reinhardt,skins,Bundeswehr,Epic,0
Reinhardt,skins,Paragon,Epic,0
Reinhardt,skins,Blackhardt,Legendary,0
Reinhardt,skins,Bloodhardt,Legendary,0
Reinhardt,skins,Lionhardt,Legendary,0
Reinhardt,skins,Stonehardt,Legendary,0
Reinhardt,emotes,Flex,Epic,0
Reinhardt,emotes,Taunt,Epic,0
Reinhardt,emotes,Warrior's Salute,Epic,0
Reinhardt,victory_poses,Confident,Rare,0
Reinhardt,victory_poses,Flex,Rare,0
Reinhardt,victory_poses,Legendary,Rare,0
Reinhardt,voice_lines,Are You Afraid?,Common,0
Reinhardt,voice_lines,Bring Me Another,Common,0
Reinhardt,voice_lines,Catch Phrase!,Common,0
Reinhardt,voice_lines,Crusader Online,Common,0
Reinhardt,voice_lines,Crushing Machine,Common,0
Reinhardt,voice_lines,German Engineering,Common,0
Reinhardt,voice_lines,Honor And Glory,Common,0
Reinhardt,voice_lines,Respect Your Elders,Common,0
Reinhardt,voice_lines,Show You How It's Done,Common,0
Reinhardt,voice_lines,This Old Dog,Common,0
Reinhardt,sprays,Barrier,Common,0
Reinhardt,sprays,Charge,Common,0
Reinhardt,sprays,Cracks,Common,0
Reinhardt,sprays,Crusader,Common,0
Reinhardt,sprays,Cute,Achievement,0
Reinhardt,sprays,Earthshatter,Common,0
Reinhardt,sprays,Emblem,Common,0
Reinhardt,sprays,Fire Strike,Common,0
Reinhardt,sprays,Glorious,Common,0
Reinhardt,sprays,Hammer Down,Common,0
Reinhardt,sprays,Helm,Common,0
Reinhardt,sprays,Honor,Common,0
Reinhardt,sprays,Icon,Common,0
Reinhardt,sprays,Knight,Common,0
Reinhardt,sprays,Lion,Common,0
Reinhardt,sprays,Pixel,Achievement,0
Reinhardt,sprays,Roar,Common,0
Reinhardt,sprays,Royal,Common,0
Reinhardt,sprays,Shield Up],Common,0
Reinhardt,sprays,Stein,Common,0
Reinhardt,sprays,Swing,Common,0
Reinhardt,sprays,Vigilant,Common,0
Reinhardt,sprays,White,Common,0
Reinhardt,sprays,Wilhelm,Common,0
Reinhardt,sprays,Wrestle,Common,0
Reinhardt,highlight_intros,Charge,Epic,0
Reinhardt,highlight_intros,Hammer Down,Epic,0
Reinhardt,highlight_intros,More Stretching Required,Epic,0
Reinhardt,weapons,Golden,None,0
Roadhog,skins,Kiwi,Rare,0
Roadhog,skins,Mud,Rare,0
Roadhog,skins,Thistle,Rare,0
Roadhog,skins,Sand,Rare,0
Roadhog,skins,Pigpen,Epic,0
Roadhog,skins,Stiched,Epic,0
Roadhog,skins,Mako,Legendary,0
Roadhog,skins,Toa,Legendary,0
Roadhog,skins,Islander,Legendary,0
Roadhog,skins,Sharkbait,Legendary,0
Roadhog,emotes,Boo!,Epic,0
Roadhog,emotes,Can Crusher,Epic,0
Roadhog,emotes,Headbanging,Epic,0
Roadhog,victory_poses,Pointing to the Sky,Rare,0
Roadhog,victory_poses,Thumbs Up,Rare,0
Roadhog,victory_poses,Tuckered Out,Rare,0
Roadhog,voice_lines,Candy From A Baby,Common,0
Roadhog,voice_lines,Got Something To Say?,Common,0
Roadhog,voice_lines,Hahaha!,Common,0
Roadhog,voice_lines,"Hook, Line, And Sinker",Common,0
Roadhog,voice_lines,"Life Is Pain, So Is Death",Common,0
Roadhog,voice_lines,Piece Of Cake,Common,0
Roadhog,voice_lines,Push Off,Common,0
Roadhog,voice_lines,"Say ""Bacon""...",Common,0
Roadhog,voice_lines,Violence Is The Answer,Common,0
Roadhog,voice_lines,We're All Animals,Common,0
Roadhog,sprays,Breathin',Common,0
Roadhog,sprays,Cute,Achievement,0
Roadhog,sprays,Deep Thoughts,Common,0
Roadhog,sprays,Emblem,Common,0
Roadhog,sprays,Eyes,Common,0
Roadhog,sprays,Free Pig,Common,0
Roadhog,sprays,Fresh Meat,Common,0
Roadhog,sprays,Gotcha,Common,0
Roadhog,sprays,Grand Theft,Common,0
Roadhog,sprays,Helmet,Common,0
Roadhog,sprays,Here Piggy,Common,0
Roadhog,sprays,Hogpower,Common,0
Roadhog,sprays,Hooked,Common,0
Roadhog,sprays,Icon,Common,0
Roadhog,sprays,Left,Common,0
Roadhog,sprays,License,Common,0
Roadhog,sprays,Mako,Common,0
Roadhog,sprays,No Pork,Common,0
Roadhog,sprays,Piggy,Common,0
Roadhog,sprays,Pixel,Achievement,0
Roadhog,sprays,Popper,Common,0
Roadhog,sprays,Tails,Common,0
Roadhog,sprays,Toxic,Common,0
Roadhog,sprays,Wanted,Common,0
Roadhog,sprays,Wild Hog,Common,0
Roadhog,highlight_intros,Little Piggy,Epic,0
Roadhog,highlight_intros,"Say ""Cheese""",Epic,0
Roadhog,highlight_intros,Whole Hog,Epic,0
Roadhog,weapons,Golden,None,0
Soldier: 76,skins,Olive,Rare,0
Soldier: 76,skins,Russet,Rare,0
Soldier: 76,skins,Jet,Rare,0
Soldier: 76,skins,Smoke,Rare,0
Soldier: 76,skins,Bone,Epic,0
Soldier: 76,skins,Golden,Epic,0
Soldier: 76,skins,Commando: 76,Legendary,0
Soldier: 76,skins,Night Ops: 76,Legendary,0
Soldier: 76,skins,Daredevil: 76,Legendary,0
Soldier: 76,skins,Stunt Rider: 76,Legendary,0
Soldier: 76,skins,Commander Morrison,Special,0
Soldier: 76,emotes,Fist,Epic,0
Soldier: 76,emotes,I See You,Epic,0
Soldier: 76,emotes,Locked And Loaded,Epic,0
Soldier: 76,victory_poses,Fist Pump,Rare,0
Soldier: 76,victory_poses,Locked and Loaded,Rare,0
Soldier: 76,victory_poses,Soldier,Rare,0
Soldier: 76,voice_lines,Get Off My Lawn,Common,0
Soldier: 76,voice_lines,I Didn't Start This War...,Common,0
Soldier: 76,voice_lines,I'm An Army Of One,Common,0
Soldier: 76,voice_lines,Not On My Watch,Common,0
Soldier: 76,voice_lines,Old Soldiers,Common,0
Soldier: 76,voice_lines,Smells Like Victory,Common,0
Soldier: 76,voice_lines,"That's ""Sir"" To You",Common,0
Soldier: 76,voice_lines,What Are You Lookin' At?,Common,0
Soldier: 76,voice_lines,You Didn't Make The Cut,Common,0
Soldier: 76,voice_lines,You're The Other One,Common,0
Soldier: 76,sprays,Move!,Common,0
Soldier: 76,sprays,76,Common,0
Soldier: 76,sprays,All Soldiers,Common,0
Soldier: 76,sprays,American Hero,Common,0
Soldier: 76,sprays,Coin,Common,0
Soldier: 76,sprays,Cute,Achievement,0
Soldier: 76,sprays,Grave,Common,0
Soldier: 76,sprays,Grizzled,Common,0
Soldier: 76,sprays,Heal Up,Common,0
Soldier: 76,sprays,Helix,Common,0
Soldier: 76,sprays,Hooah,Common,0
Soldier: 76,sprays,Icon,Common,0
Soldier: 76,sprays,Jacket: 76,Common,0
Soldier: 76,sprays,Muzzle,Common,0
Soldier: 76,sprays,Old Soldier,Common,0
Soldier: 76,sprays,Pixel,Achievement,0
Soldier: 76,sprays,Pulse Rifle,Common,0
Soldier: 76,sprays,Resolute,Common,0
Soldier: 76,sprays,Rifle: 76,Common,0
Soldier: 76,sprays,Rockets,Common,0
Soldier: 76,sprays,Salute,Common,0
Soldier: 76,sprays,Strike Commander,Common,0
Soldier: 76,sprays,Vigilante,Common,0
Soldier: 76,sprays,Visor,Common,0
Soldier: 76,sprays,Wanted,Common,0
Soldier: 76,highlight_intros,Helix,Epic,0
Soldier: 76,highlight_intros,Looking At You,Epic,0
Soldier: 76,highlight_intros,Target Rich Environment,Epic,0
Soldier: 76,weapons,Golden,None,0
Symmetra,skins,Hyacinth,Rare,0
Symmetra,skins,Cardamom,Rare,0
Symmetra,skins,Saffron,Rare,0
Symmetra,skins,Technomancer,Rare,0
Symmetra,skins,Regal,Epic,0
Symmetra,skins,Utopaea,Epic,0
Symmetra,skins,Architech,Legendary,0
Symmetra,skins,Devi,Legendary,0
Symmetra,skins,Goddess,Legendary,0
Symmetra,skins,Vishkar,Legendary,0
Symmetra,emotes,Clap,Epic,0
Symmetra,emotes,Flow,Epic,0
Symmetra,emotes,Insignificant,Epic,0
Symmetra,victory_poses,Balance,Rare,0
Symmetra,victory_poses,Creation,Rare,0
Symmetra,victory_poses,Dance,Rare,0
Symmetra,voice_lines,Everything By Design,Common,0
Symmetra,voice_lines,Exquisite,Common,0
Symmetra,voice_lines,How Unsightly,Common,0
Symmetra,voice_lines,I Don't Think So,Common,0
Symmetra,voice_lines,Impressive,Common,0
Symmetra,voice_lines,Perfect Harmony,Common,0
Symmetra,voice_lines,Precisely,Common,0
Symmetra,voice_lines,Put You In Your Place,Common,0
Symmetra,voice_lines,Welcome To My Reality,Common,0
Symmetra,voice_lines,Why Do You Struggle?,Common,0
Symmetra,sprays,Agent,Common,0
Symmetra,sprays,Architect,Common,0
Symmetra,sprays,Behold,Common,0
Symmetra,sprays,Blueprint,Common,0
Symmetra,sprays,Builder,Common,0
Symmetra,sprays,Car Wash,Common,0
Symmetra,sprays,Caution,Common,0
Symmetra,sprays,Cute,Achievement,0
Symmetra,sprays,Design,Common,0
Symmetra,sprays,Glove,Common,0
Symmetra,sprays,Icon,Common,0
Symmetra,sprays,Light,Common,0
Symmetra,sprays,Lines,Common,0
Symmetra,sprays,Lotus,Common,0
Symmetra,sprays,Pixel,Achievement,0
Symmetra,sprays,Pose,Common,0
Symmetra,sprays,Projector,Common,0
Symmetra,sprays,Satya,Common,0
Symmetra,sprays,Superior,Common,0
Symmetra,sprays,The Path,Common,0
Symmetra,sprays,Vaswani,Common,0
Symmetra,sprays,Vishkar,Common,0
Symmetra,sprays,Visor,Common,0
Symmetra,sprays,Weaver,Common,0
Symmetra,sprays,Will,Common,0
Symmetra,highlight_intros,Askew,Epic,0
Symmetra,highlight_intros,Dance,Epic,0
Symmetra,highlight_intros,My Reality,Epic,0
Symmetra,weapons,Golden,None,0
Torbjorn,skins,Bla,Rare,0
Torbjorn,skins,Citron,Rare,0
Torbjorn,skins,Gron,Rare,0
Torbjorn,skins,Plommon,Rare,0
Torbjorn,skins,Cathode,Epic,0
Torbjorn,skins,Woodclad,Epic,0
Torbjorn,skins,Barbarossa,Legendary,0
Torbjorn,skins,Blackbeard,Legendary,0
Torbjorn,skins,Chopper,Legendary,0
Torbjorn,skins,Deadlock,Legendary,0
Torbjorn,emotes,Clicking Heels,Epic,0
Torbjorn,emotes,Fisticuffs,Epic,0
Torbjorn,emotes,Overload,Epic,0
Torbjorn,victory_poses,Hammer,Rare,0
Torbjorn,victory_poses,Sitting Pretty,Rare,0
Torbjorn,victory_poses,Take Five,Rare,0
Torbjorn,voice_lines,A Chicken Out Of A Feather,Common,0
Torbjorn,voice_lines,Completion Date?,Common,0
Torbjorn,voice_lines,Don't Get Caught,Common,0
Torbjorn,voice_lines,Engineers,Common,0
Torbjorn,voice_lines,I'm Giving It All I've Got!,Common,0
Torbjorn,voice_lines,I'm Swedish!,Common,0
Torbjorn,voice_lines,Leave This To An Expert,Common,0
Torbjorn,voice_lines,Let's Not Buy The Pig,Common,0
Torbjorn,voice_lines,Some Assembly Required,Common,0
Torbjorn,voice_lines,Working As Intended,Common,0
Torbjorn,sprays,Armor,Common,0
Torbjorn,sprays,Beard,Common,0
Torbjorn,sprays,Catch a Ride,Common,0
Torbjorn,sprays,Chef,Common,0
Torbjorn,sprays,Claw,Common,0
Torbjorn,sprays,Cute,Achievement,0
Torbjorn,sprays,Fix It Up,Common,0
Torbjorn,sprays,Forged,Common,0
Torbjorn,sprays,Gears,Common,0
Torbjorn,sprays,Get Ready,Common,0
Torbjorn,sprays,Hammer,Common,0
Torbjorn,sprays,Hot,Common,0
Torbjorn,sprays,Icon,Common,0
Torbjorn,sprays,Ironclad,Common,0
Torbjorn,sprays,Kanon,Common,0
Torbjorn,sprays,Mask,Common,0
Torbjorn,sprays,Molten Core,Common,0
Torbjorn,sprays,Pixel,Achievement,0
Torbjorn,sprays,Ready to Work,Common,0
Torbjorn,sprays,Run!,Common,0
Torbjorn,sprays,Smalt,Common,0
Torbjorn,sprays,Stoic,Common,0
Torbjorn,sprays,Turret,Common,0
Torbjorn,sprays,Turrets,Common,0
Torbjorn,sprays,Uppgradera,Common,0
Torbjorn,highlight_intros,In Your Face,Epic,0
Torbjorn,highlight_intros,Refreshing,Epic,0
Torbjorn,highlight_intros,Ride 'Em,Epic,0
Torbjorn,weapons,Golden,None,0
Tracer,skins,Royal Blue,Rare,0
Tracer,skins,Neon Green,Rare,0
Tracer,skins,Hot Pink,Rare,0
Tracer,skins,Electric Purple,Rare,0
Tracer,skins,Posh,Epic,0
Tracer,skins,Sporty,Epic,0
Tracer,skins,Mach T,Legendary,0
Tracer,skins,Punk,Legendary,0
Tracer,skins,T.Racer,Legendary,0
Tracer,skins,Ultraviolet,Legendary,0
Tracer,skins,Slipstream,Special,0
Tracer,emotes,Cheer,Epic,0
Tracer,emotes,Laughing,Epic,0
Tracer,emotes,Spin,Epic,0
Tracer,victory_poses,Over The Shoulder,Rare,0
Tracer,victory_poses,Salute,Rare,0
Tracer,victory_poses,Sitting,Rare,0
Tracer,voice_lines,"Aw, Rubbish",Common,0
Tracer,voice_lines,Be Right Back!,Common,0
Tracer,voice_lines,Check Me Out,Common,0
Tracer,voice_lines,"Cheers, Love!",Common,0
Tracer,voice_lines,Déjà Vu,Common,0
Tracer,voice_lines,Keep Calm,Common,0
Tracer,voice_lines,"She Shoots, She Scores",Common,0
Tracer,voice_lines,The World Needs Heroes,Common,0
Tracer,voice_lines,Under Control,Common,0
Tracer,voice_lines,You Need A Time Out,Common,0
Tracer,sprays,Blink,Common,0
Tracer,sprays,Bomb's Away!,Common,0
Tracer,sprays,Cavalry's Here,Common,0
Tracer,sprays,Cheers,Common,0
Tracer,sprays,"Cheers, Love",Common,0
Tracer,sprays,Clock's Tickin',Common,0
Tracer,sprays,Confident,Common,0
Tracer,sprays,Cute,Achievement,0
Tracer,sprays,Fighter,Common,0
Tracer,sprays,Icon,Common,0
Tracer,sprays,Kneeling,Common,0
Tracer,sprays,Lena,Common,0
Tracer,sprays,Orange,Common,0
Tracer,sprays,Pew! Pew! Pew!,Common,0
Tracer,sprays,Pistols,Common,0
Tracer,sprays,Pixel,Achievement,0
Tracer,sprays,Portrait,Common,0
Tracer,sprays,Poster,Common,0
Tracer,sprays,Pulse Bomb,Common,0
Tracer,sprays,Ready For Action,Common,0
Tracer,sprays,Salute,Common,0
Tracer,sprays,Shaded,Common,0
Tracer,sprays,Tagged,Common,0
Tracer,sprays,Whatcha' Lookin' At?,Common,0
Tracer,sprays,Wings,Common,0
Tracer,highlight_intros,Backflip,Epic,0
Tracer,highlight_intros,Just In Time,Epic,0
Tracer,highlight_intros,Serious Business,Epic,0
Tracer,weapons,Golden,None,0
Widowmaker,skins,Ciel,Rare,0
Widowmaker,skins,Nuit,Rare,0
Widowmaker,skins,Vert,Rare,0
Widowmaker,skins,Rose,Rare,0
Widowmaker,skins,Winter,Epic,0
Widowmaker,skins,Patina,Epic,0
Widowmaker,skins,Odette,Legendary,0
Widowmaker,skins,Odile,Legendary,0
Widowmaker,skins,Comtesse,Legendary,0
Widowmaker,skins,Huntress,Legendary,0
Widowmaker,skins,Noire,Special,0
Widowmaker,emotes,Curtain Call,Epic,0
Widowmaker,emotes,Shot Dead,Epic,0
Widowmaker,emotes,Widow's Kiss,Epic,0
Widowmaker,victory_poses,Activating Visor,Rare,0
Widowmaker,victory_poses,Gaze,Rare,0
Widowmaker,victory_poses,Over the Shoulder,Rare,0
Widowmaker,voice_lines,Encore?,Common,0
Widowmaker,voice_lines,Let Them Eat Cake,Common,0
Widowmaker,voice_lines,Look For The Woman,Common,0
Widowmaker,voice_lines,Magnifique,Common,0
Widowmaker,voice_lines,"One Shot, One Kill",Common,0
Widowmaker,voice_lines,Ouh La La,Common,0
Widowmaker,voice_lines,Step Into My Parlor...,Common,0
Widowmaker,voice_lines,That's How It Is,Common,0
Widowmaker,voice_lines,"To Life, To Death",Common,0
Widowmaker,voice_lines,What's An Aimbot?,Common,0
Widowmaker,sprays,Baiser,Common,0
Widowmaker,sprays,Black Widow,Common,0
Widowmaker,sprays,Blood,Common,0
Widowmaker,sprays,Crouch,Common,0
Widowmaker,sprays,Cute,Achievement,0
Widowmaker,sprays,Detected,Common,0
Widowmaker,sprays,Emblem,Common,0
Widowmaker,sprays,Gaze,Common,0
Widowmaker,sprays,Hourglass,Common,0
Widowmaker,sprays,Icon,Common,0
Widowmaker,sprays,In My Sights,Common,0
Widowmaker,sprays,Je Te Vois,Common,0
Widowmaker,sprays,Kneeling,Common,0
Widowmaker,sprays,No One Escapes,Common,0
Widowmaker,sprays,Noire,Common,0
Widowmaker,sprays,Pixel,Achievement,0
Widowmaker,sprays,Portrait,Common,0
Widowmaker,sprays,Scope,Common,0
Widowmaker,sprays,Sniper,Common,0
Widowmaker,sprays,Spider,Common,0
Widowmaker,sprays,Swing,Common,0
Widowmaker,sprays,Une Balle,Common,0
Widowmaker,sprays,Veuve,Common,0
Widowmaker,sprays,Widow,Common,0
Widowmaker,sprays,Widow's Kiss,Common,0
Widowmaker,highlight_intros,Hanging Around,Epic,0
Widowmaker,highlight_intros,I See You...,Epic,0
Widowmaker,highlight_intros,Swinging Into Action,Epic,0
Widowmaker,weapons,Golden,None,0
Winston,skins,Banana,Rare,0
Winston,skins,Forest,Rare,0
Winston,skins,Red Planet,Rare,0
Winston,skins,Atmosphere,Rare,0
Winston,skins,Desert,Epic,0
Winston,skins,Horizon,Epic,0
Winston,skins,Explorer,Legendary,0
Winston,skins,Frogston,Legendary,0
Winston,skins,Undersea,Legendary,0
Winston,skins,Safari,Legendary,0
Winston,emotes,Monkey Business,Epic,0
Winston,emotes,Peanut Butter?,Epic,0
Winston,emotes,Roar,Epic,0
Winston,victory_poses,Beast,Rare,0
Winston,victory_poses,Glasses,Rare,0
Winston,victory_poses,The Thinker,Rare,0
Winston,voice_lines,...Excuse Me,Common,0
Winston,voice_lines,Don't Get Me Angry,Common,0
Winston,voice_lines,How Embarrassing!,Common,0
Winston,voice_lines,I Do Not Want A Banana,Common,0
Winston,voice_lines,Natural Selection,Common,0
Winston,voice_lines,No Monkey Business,Common,0
Winston,voice_lines,Peanut Butter?,Common,0
Winston,voice_lines,Sorry About That!,Common,0
Winston,voice_lines,The Power Of Science!,Common,0
Winston,voice_lines,We Have A Problem,Common,0
Winston,sprays,Angry,Common,0
Winston,sprays,Ape Crossing,Common,0
Winston,sprays,Baby,Common,0
Winston,sprays,Banana,Common,0
Winston,sprays,Cute,Achievement,0
Winston,sprays,Explorer,Common,0
Winston,sprays,Fastball,Common,0
Winston,sprays,Harold,Common,0
Winston,sprays,Horizon,Common,0
Winston,sprays,Icon,Common,0
Winston,sprays,Lexigrams,Common,0
Winston,sprays,Lightning,Common,0
Winston,sprays,Mine!,Common,0
Winston,sprays,PB,Common,0
Winston,sprays,Pixel,Achievement,0
Winston,sprays,Primal Rage,Common,0
Winston,sprays,Q.E.D.,Common,0
Winston,sprays,Rage,Common,0
Winston,sprays,Research,Common,0
Winston,sprays,Roar,Common,0
Winston,sprays,Science!,Common,0
Winston,sprays,Serious,Common,0
Winston,sprays,Swing,Common,0
Winston,sprays,White,Common,0
Winston,sprays,Wow,Common,0
Winston,highlight_intros,Excuse Me,Epic,0
Winston,highlight_intros,Glasses,Epic,0
Winston,highlight_intros,Primal Rage,Epic,0
Winston,weapons,Golden,None,0
Zarya,skins,Brick,Rare,0
Zarya,skins,Taiga,Rare,0
Zarya,skins,Violet,Rare,0
Zarya,skins,Goldenrod,Rare,0
Zarya,skins,Dawn,Epic,0
Zarya,skins,Midnight,Epic,0
Zarya,skins,Arctic,Legendary,0
Zarya,skins,Siberian Front,Legendary,0
Zarya,skins,Cybergoth,Legendary,0
Zarya,skins,Industrial,Legendary,0
Zarya,emotes,Bring It On,Epic,0
Zarya,emotes,Crush You,Epic,0
Zarya,emotes,Pumping Iron,Epic,0
Zarya,victory_poses,Casual,Rare,0
Zarya,victory_poses,Check Out This Gun,Rare,0
Zarya,victory_poses,Flaxing,Rare,0
Zarya,voice_lines,"Get Down, Give Me 2A",Common,0
Zarya,voice_lines,I Am Mother Russia,Common,0
Zarya,voice_lines,I Can Bench More Than You,Common,0
Zarya,voice_lines,I Will Break You,Common,0
Zarya,voice_lines,"In Russia, Game Play You",Common,0
Zarya,voice_lines,Need Personal Training?,Common,0
Zarya,voice_lines,No Mercy,Common,0
Zarya,voice_lines,Siberian Bear,Common,0
Zarya,voice_lines,Together We Are Strong,Common,0
Zarya,voice_lines,Welcome To The Gun Show,Common,0
Zarya,sprays,512,Common,0
Zarya,sprays,Alexandra,Common,0
Zarya,sprays,Avenger,Common,0
Zarya,sprays,Barrier,Common,0
Zarya,sprays,Bear,Common,0
Zarya,sprays,Cannon,Common,0
Zarya,sprays,Champion,Common,0
Zarya,sprays,Cute,Achievement,0
Zarya,sprays,Defender,Common,0
Zarya,sprays,Focused,Common,0
Zarya,sprays,For The People,Common,0
Zarya,sprays,Gun Show,Common,0
Zarya,sprays,Icon,Common,0
Zarya,sprays,Lift,Common,0
Zarya,sprays,Pink,Common,0
Zarya,sprays,Pixel,Achievement,0
Zarya,sprays,Pumped,Common,0
Zarya,sprays,Shield,Common,0
Zarya,sprays,Smile,Common,0
Zarya,sprays,Strength,Common,0
Zarya,sprays,Surge,Common,0
Zarya,sprays,Tobelstein,Common,0
Zarya,sprays,We Are Strong,Common,0
Zarya,sprays,Weights,Common,0
Zarya,sprays,Wrestle,Common,0
Zarya,highlight_intros,Deadlift,Epic,0
Zarya,highlight_intros,Maximum Charge,Epic,0
Zarya,highlight_intros,This Is Strength,Epic,0
Zarya,weapons,Golden,None,0
Zenyatta,skins,Air,Rare,0
Zenyatta,skins,Earth,Rare,0
Zenyatta,skins,Leaf,Rare,0
Zenyatta,skins,Water,Rare,0
Zenyatta,skins,Ascendant,Epic,0
Zenyatta,skins,Harmonious,Epic,0
Zenyatta,skins,Djinyatta,Legendary,0
Zenyatta,skins,Ifrit,Legendary,0
Zenyatta,skins,Ra,Legendary,0
Zenyatta,skins,Sunyatta,Legendary,0
Zenyatta,emotes,Focusing,Epic,0
Zenyatta,emotes,Round Of Applause,Epic,0
Zenyatta,emotes,Taunt,Epic,0
Zenyatta,victory_poses,Balance,Rare,0
Zenyatta,victory_poses,Harmony,Rare,0
Zenyatta,victory_poses,Peace,Rare,0
Zenyatta,voice_lines,Death Is Whimsical Today,Common,0
Zenyatta,voice_lines,Do I Think?,Common,0
Zenyatta,voice_lines,Free Your Mind,Common,0
Zenyatta,voice_lines,"Hello, World!",Common,0
Zenyatta,voice_lines,I Dreamt I Was A Butterfly,Common,0
Zenyatta,voice_lines,"I Think, Therefore I Am",Common,0
Zenyatta,voice_lines,I Will Not Juggle,Common,0
Zenyatta,voice_lines,Ones And Zeroes,Common,0
Zenyatta,voice_lines,Peace And Blessings,Common,0
Zenyatta,voice_lines,The Iris Embraces You,Common,0
Zenyatta,sprays,Adorable,Common,0
Zenyatta,sprays,Aura,Common,0
Zenyatta,sprays,Balance,Common,0
Zenyatta,sprays,Contemplative,Common,0
Zenyatta,sprays,Cute,Achievement,0
Zenyatta,sprays,Discord,Common,0
Zenyatta,sprays,Enlightened,Common,0
Zenyatta,sprays,Fist Bump,Common,0
Zenyatta,sprays,Flow,Common,0
Zenyatta,sprays,Foot,Common,0
Zenyatta,sprays,Graphic,Common,0
Zenyatta,sprays,Guru,Common,0
Zenyatta,sprays,Hand,Common,0
Zenyatta,sprays,Harmony,Common,0
Zenyatta,sprays,Icon,Common,0
Zenyatta,sprays,Inner Fire,Common,0
Zenyatta,sprays,Nine,Common,0
Zenyatta,sprays,Orb,Common,0
Zenyatta,sprays,Orbs,Common,0
Zenyatta,sprays,Peace,Common,0
Zenyatta,sprays,Pixel,Achievement,0
Zenyatta,sprays,Taunt,Common,0
Zenyatta,sprays,Tekhartha,Common,0
Zenyatta,sprays,Throw,Common,0
Zenyatta,sprays,Together,Common,0
Zenyatta,highlight_intros,Focused,Epic,0
Zenyatta,highlight_intros,Harmony And Discord,Epic,0
Zenyatta,highlight_intros,Transcendence,Epic,0
Zenyatta,weapons,Golden,None,0